id,sequence,score
ABIO-0117_R4M15,VDNKFNKEIEFALNEYLLLPNLNMQLKQAFIHSLKDDPSQSANLLAEAKKLNDA,55.1525253949814
ABIO-0025_R2M8,VDNKFNKEIHRATEEWLILPNLNVQYARAFIDSLKDDPSQSANLLAEAKKLNDA,54.320853589493034
ABIO-0022_R6M8,VDNKFNKEHHHATVESLILPNLNLNLYKAFINSLKDDPSQSANLLAEAKKLNDA,54.04994189462141
ABIO-0042_R3M20,VDNKFNKEHQWARSETLILPNLNFWFAHAFIWSLKDDPSQSANLLAEAKKLNDA,54.033236432893496
ABIO-0025_R1M14,VDNKFNKEIMRAVEEWLILPNLNVQYARAFIDSLKDDPSQSANLLAEAKKLNDA,53.92542993489078
ABIO-0094_R1M5,VDNKFNKELLKAVEEWLVLPNLNDNFHNAFIWSLKDDPSQSANLLAEAKKLNDA,53.571153317821434
ABIO-0112_R1M12,VDNKFNKEYNRAFLERLFLPNLNDIDANAFIYSLKDDPSQSANLLAEAKKLNDA,53.49167133844336
ABIO-0022_R5M1,VDNKFNKEHHHATVESLILPNLNLNLYSAFINSLKDDPSQSANLLAEAKKLNDA,53.30551715984278
ABIO-0104,VDNKFNKELNHAVEEYLLLPNLNWYLKLAFINSLKDDPSQSANLLAEAKKLNDA,53.02734597488803
ABIO-0112_R1M9,VDNKFNKEYNRAFNERLSLPNLNDIDANAFIYSLKDDPSQSANLLAEAKKLNDA,52.64152197122058
ABIO-0021_R3M5,VDNKFNKEYQHAAEEWLMLPNLNYHNRRAFIWSLKDDPSQSANLLAEAKKLNDA,52.55135229967909
ABIO-0022_R3M7,VDNKFNKEHHHATVESLSLPNLNLNLYSAFINSLKDDPSQSANLLAEAKKLNDA,52.24822537977243
ABIO-0021_R2M15,VDNKFNKEYQHAAEEWLMLPNLNYEARRAFIWSLKDDPSQSANLLAEAKKLNDA,52.047392017776495
ABIO-0032_R3M6,VDNKFNKEYQMAFHETLLLPNLNATRKQAFIDSLKDDPSQSANLLAEAKKLNDA,51.79519219837601
ABIO-0117,VDNKFNKEIEKALNEYLLLPNLNMQLKQAFIHSLKDDPSQSANLLAEAKKLNDA,51.520670014164196
ABIO-0032_R2M13,VDNKFNKEYQMAFHETLLLPNLNNTRKDAFIDSLKDDPSQSANLLAEAKKLNDA,51.48129211907619
ABIO-0021_R2M11,VDNKFNKEYQHAFEEWLMLPNLNYQARRAFIWSLKDDPSQSANLLAEAKKLNDA,51.41780878790131
ABIO-0042_R1M9,VDNKFNKEHQRAFSETLILPNLNFWFAHAFIWSLKDDPSQSANLLAEAKKLNDA,50.68965095049424
ABIO-0112_R1M2,VDNKFNKEYNRAFNERLKLPNLNDIDVNAFIYSLKDDPSQSANLLAEAKKLNDA,50.5729945493399
ABIO-0073_R3M1,VDNKFNKEDSRADNEALNLPNLNMNSSIAFIQSLKDDPSQSANLLAEAKKLNDA,50.389733974505226
ABIO-0025_R1M7,VDNKFNKEIARAVEEWLILPNLNVSYARAFIDSLKDDPSQSANLLAEAKKLNDA,49.893895688127024
ABIO-0073_R2M1,VDNKFNKEDSRAHNEALNLPNLNMNSSYAFIQSLKDDPSQSANLLAEAKKLNDA,49.813884966572274
ABIO-0073_R1M10,VDNKFNKEDSRAHNERLNLPNLNMNSSYAFIISLKDDPSQSANLLAEAKKLNDA,49.619578733188774
ABIO-0021_R2M6,VDNKFNKEYQHAFVEWLMLPNLNYQARHAFIWSLKDDPSQSANLLAEAKKLNDA,48.648752451683045
ABIO-0042_R1M8,VDNKFNKEHQRAFMEQLILPNLNFWFAHAFIWSLKDDPSQSANLLAEAKKLNDA,48.644135704188564
ABIO-0022_R2M6,VDNKFNKEYDHAFVESLTLPNLNLTLKSAFIYSLKDDPSQSANLLAEAKKLNDA,47.80351881875348
ABIO-0021,VDNKFNKEYQKAFNEWLMLPNLNYQARHAFIWSLKDDPSQSANLLAEAKKLNDA,47.540089240479546
ABIO-0025,VDNKFNKEIDRAVEEWLILPNLNVSYRRAFIDSLKDDPSQSANLLAEAKKLNDA,47.39754116633364
ABIO-0022_R1M17,VDNKFNKEYDHAFKESLTLPNLNLTLKNAFIYSLKDDPSQSANLLAEAKKLNDA,47.33746553159661
ABIO-0032_R2M4,VDNKFNKEYQMAFHEWLLLPNLNNSRKDAFIDSLKDDPSQSANLLAEAKKLNDA,47.22063636705254
ABIO-0042,VDNKFNKEHQRAFMEWLILPNLNQWFAHAFIWSLKDDPSQSANLLAEAKKLNDA,47.12632159099465
ABIO-0073,VDNKFNKELSRAHNESLVLPNLNMNFWDAFIYSLKDDPSQSANLLAEAKKLNDA,47.069620253190486
ABIO-0032,VDNKFNKEYQHAFHEWLLLPNLNQSRKDAFIDSLKDDPSQSANLLAEAKKLNDA,46.55388773410625
ABIO-0094_R1M2,VDNKFNKELLKAVEEWLVLPNLNQNFANAFIWSLKDDPSQSANLLAEAKKLNDA,46.17122642372838
ABIO-0112,VDNKFNKEWNRAFNERLKLPNLNDMDVNAFIYSLKDDPSQSANLLAEAKKLNDA,45.930356303250676
ABIO-0094,VDNKFNKELDKAVEEWLVLPNLNQNFKNAFIWSLKDDPSQSANLLAEAKKLNDA,45.910231191307695
