round,candidate_id,sequence,score,best_score,accepted,mutations,temperature
0,ABIO-0104,VDNKFNKELNHAVEEYLLLPNLNWYLKLAFINSLKDDPSQSANLLAEAKKLNDA,53.02734597488803,53.02734597488803,True,[],1.0
1,ABIO-0104,VDNKFNKELNHAVEEYLLLPNLNWYLKLAFINSLKDDPSQSANLLAEAKKLNDA,53.02734597488803,53.02734597488803,True,[],1.0
2,ABIO-0104,VDNKFNKELNHAVEEYLLLPNLNWYLKLAFINSLKDDPSQSANLLAEAKKLNDA,53.02734597488803,53.02734597488803,True,[],0.5492802716530588
3,ABIO-0104,VDNKFNKELNHAVEEYLLLPNLNWYLKLAFINSLKDDPSQSANLLAEAKKLNDA,53.02734597488803,53.02734597488803,True,[],0.30170881682725814
4,ABIO-0104,VDNKFNKELNHAVEEYLLLPNLNWYLKLAFINSLKDDPSQSANLLAEAKKLNDA,53.02734597488803,53.02734597488803,True,[],0.16572270086699936
5,ABIO-0104,VDNKFNKELNHAVEEYLLLPNLNWYLKLAFINSLKDDPSQSANLLAEAKKLNDA,53.02734597488803,53.02734597488803,True,[],0.09102821015130401
6,ABIO-0104,VDNKFNKELNHAVEEYLLLPNLNWYLKLAFINSLKDDPSQSANLLAEAKKLNDA,53.02734597488803,53.02734597488803,True,[],0.05
0,ABIO-0117,VDNKFNKEIEKALNEYLLLPNLNMQLKQAFIHSLKDDPSQSANLLAEAKKLNDA,51.520670014164196,51.520670014164196,True,[],1.0
1,ABIO-0117,VDNKFNKEIEKALNEYLLLPNLNMQLKQAFIHSLKDDPSQSANLLAEAKKLNDA,51.520670014164196,51.520670014164196,True,[],1.0
2,ABIO-0117,VDNKFNKEIEKALNEYLLLPNLNMQLKQAFIHSLKDDPSQSANLLAEAKKLNDA,51.520670014164196,51.520670014164196,True,[],0.5492802716530588
3,ABIO-0117,VDNKFNKEIEKALNEYLLLPNLNMQLKQAFIHSLKDDPSQSANLLAEAKKLNDA,51.520670014164196,51.520670014164196,True,[],0.30170881682725814
4,ABIO-0117,VDNKFNKEIEFALNEYLLLPNLNMQLKQAFIHSLKDDPSQSANLLAEAKKLNDA,55.1525253949814,55.1525253949814,True,[],0.16572270086699936
5,ABIO-0117,VDNKFNKEIEFALNEYLLLPNLNMQLKQAFIHSLKDDPSQSANLLAEAKKLNDA,55.1525253949814,55.1525253949814,True,[],0.09102821015130401
6,ABIO-0117,VDNKFNKEIEFALNEYLLLPNLNMQLKQAFIHSLKDDPSQSANLLAEAKKLNDA,55.1525253949814,55.1525253949814,True,[],0.05
0,ABIO-0021,VDNKFNKEYQKAFNEWLMLPNLNYQARHAFIWSLKDDPSQSANLLAEAKKLNDA,47.540089240479546,47.540089240479546,True,[],1.0
1,ABIO-0021,VDNKFNKEYQKAFNEWLMLPNLNYQARHAFIWSLKDDPSQSANLLAEAKKLNDA,47.540089240479546,47.540089240479546,True,[],1.0
2,ABIO-0021,VDNKFNKEYQHAAEEWLMLPNLNYEARRAFIWSLKDDPSQSANLLAEAKKLNDA,52.047392017776495,52.047392017776495,True,[],0.5492802716530588
3,ABIO-0021,VDNKFNKEYQHAAEEWLMLPNLNYHNRRAFIWSLKDDPSQSANLLAEAKKLNDA,52.55135229967909,52.55135229967909,True,[],0.30170881682725814
4,ABIO-0021,VDNKFNKEYQHAAEEWLMLPNLNYHNRRAFIWSLKDDPSQSANLLAEAKKLNDA,52.55135229967909,52.55135229967909,True,[],0.16572270086699936
5,ABIO-0021,VDNKFNKEYQHAAEEWLMLPNLNYHNRRAFIWSLKDDPSQSANLLAEAKKLNDA,52.55135229967909,52.55135229967909,True,[],0.09102821015130401
6,ABIO-0021,VDNKFNKEYQHAAEEWLMLPNLNYHNRRAFIWSLKDDPSQSANLLAEAKKLNDA,52.55135229967909,52.55135229967909,True,[],0.05
0,ABIO-0025,VDNKFNKEIDRAVEEWLILPNLNVSYRRAFIDSLKDDPSQSANLLAEAKKLNDA,47.39754116633364,47.39754116633364,True,[],1.0
1,ABIO-0025,VDNKFNKEIMRAVEEWLILPNLNVQYARAFIDSLKDDPSQSANLLAEAKKLNDA,53.92542993489078,53.92542993489078,True,[],1.0
2,ABIO-0025,VDNKFNKEIHRATEEWLILPNLNVQYARAFIDSLKDDPSQSANLLAEAKKLNDA,54.320853589493034,54.320853589493034,True,[],0.5492802716530588
3,ABIO-0025,VDNKFNKEIHRATEEWLILPNLNVQYARAFIDSLKDDPSQSANLLAEAKKLNDA,54.320853589493034,54.320853589493034,True,[],0.30170881682725814
4,ABIO-0025,VDNKFNKEIHRATEEWLILPNLNVQYARAFIDSLKDDPSQSANLLAEAKKLNDA,54.320853589493034,54.320853589493034,True,[],0.16572270086699936
5,ABIO-0025,VDNKFNKEIHRATEEWLILPNLNVQYARAFIDSLKDDPSQSANLLAEAKKLNDA,54.320853589493034,54.320853589493034,True,[],0.09102821015130401
6,ABIO-0025,VDNKFNKEIHRATEEWLILPNLNVQYARAFIDSLKDDPSQSANLLAEAKKLNDA,54.320853589493034,54.320853589493034,True,[],0.05
0,ABIO-0042,VDNKFNKEHQRAFMEWLILPNLNQWFAHAFIWSLKDDPSQSANLLAEAKKLNDA,47.12632159099465,47.12632159099465,True,[],1.0
1,ABIO-0042,VDNKFNKEHQRAFSETLILPNLNFWFAHAFIWSLKDDPSQSANLLAEAKKLNDA,50.68965095049424,50.68965095049424,True,[],1.0
2,ABIO-0042,VDNKFNKEHQRAFSETLILPNLNFWFAHAFIWSLKDDPSQSANLLAEAKKLNDA,50.68965095049424,50.68965095049424,True,[],0.5492802716530588
3,ABIO-0042,VDNKFNKEHQWARSETLILPNLNFWFAHAFIWSLKDDPSQSANLLAEAKKLNDA,54.033236432893496,54.033236432893496,True,[],0.30170881682725814
4,ABIO-0042,VDNKFNKEHQWARSETLILPNLNFWFAHAFIWSLKDDPSQSANLLAEAKKLNDA,54.033236432893496,54.033236432893496,True,[],0.16572270086699936
5,ABIO-0042,VDNKFNKEHQWARSETLILPNLNFWFAHAFIWSLKDDPSQSANLLAEAKKLNDA,54.033236432893496,54.033236432893496,True,[],0.09102821015130401
6,ABIO-0042,VDNKFNKEHQWARSETLILPNLNFWFAHAFIWSLKDDPSQSANLLAEAKKLNDA,54.033236432893496,54.033236432893496,True,[],0.05
0,ABIO-0073,VDNKFNKELSRAHNESLVLPNLNMNFWDAFIYSLKDDPSQSANLLAEAKKLNDA,47.069620253190486,47.069620253190486,True,[],1.0
1,ABIO-0073,VDNKFNKEDSRAHNERLNLPNLNMNSSYAFIISLKDDPSQSANLLAEAKKLNDA,49.619578733188774,49.619578733188774,True,[],1.0
2,ABIO-0073,VDNKFNKEDSRAHNEALNLPNLNMNSSYAFIQSLKDDPSQSANLLAEAKKLNDA,49.813884966572274,49.813884966572274,True,[],0.5492802716530588
3,ABIO-0073,VDNKFNKEDSRADNEALNLPNLNMNSSIAFIQSLKDDPSQSANLLAEAKKLNDA,50.389733974505226,50.389733974505226,True,[],0.30170881682725814
4,ABIO-0073,VDNKFNKEDSRADNEALNLPNLNMNSSIAFIQSLKDDPSQSANLLAEAKKLNDA,50.389733974505226,50.389733974505226,True,[],0.16572270086699936
5,ABIO-0073,VDNKFNKEDSRADNEALNLPNLNMNSSIAFIQSLKDDPSQSANLLAEAKKLNDA,50.389733974505226,50.389733974505226,True,[],0.09102821015130401
6,ABIO-0073,VDNKFNKEDSRADNEALNLPNLNMNSSIAFIQSLKDDPSQSANLLAEAKKLNDA,50.389733974505226,50.389733974505226,True,[],0.05
0,ABIO-0022,VDNKFNKEYDHAFKEFLMLPNLNLMNKNAFIYSLKDDPSQSANLLAEAKKLNDA,46.972605237583444,46.972605237583444,True,[],1.0
1,ABIO-0022,VDNKFNKEYDHAFKESLTLPNLNLTLKNAFIYSLKDDPSQSANLLAEAKKLNDA,47.33746553159661,47.33746553159661,True,[],1.0
2,ABIO-0022,VDNKFNKEYDHAFVESLTLPNLNLTLKSAFIYSLKDDPSQSANLLAEAKKLNDA,47.80351881875348,47.80351881875348,True,[],0.5492802716530588
3,ABIO-0022,VDNKFNKEHHHATVESLSLPNLNLNLYSAFINSLKDDPSQSANLLAEAKKLNDA,52.24822537977243,52.24822537977243,True,[],0.30170881682725814
4,ABIO-0022,VDNKFNKEHHHATVESLSLPNLNLNLYSAFINSLKDDPSQSANLLAEAKKLNDA,52.24822537977243,52.24822537977243,True,[],0.16572270086699936
5,ABIO-0022,VDNKFNKEHHHATVESLILPNLNLNLYSAFINSLKDDPSQSANLLAEAKKLNDA,53.30551715984278,53.30551715984278,True,[],0.09102821015130401
6,ABIO-0022,VDNKFNKEHHHATVESLILPNLNLNLYKAFINSLKDDPSQSANLLAEAKKLNDA,54.04994189462141,54.04994189462141,True,[],0.05
0,ABIO-0032,VDNKFNKEYQHAFHEWLLLPNLNQSRKDAFIDSLKDDPSQSANLLAEAKKLNDA,46.55388773410625,46.55388773410625,True,[],1.0
1,ABIO-0032,VDNKFNKEYQHAFHEWLLLPNLNQSRKDAFIDSLKDDPSQSANLLAEAKKLNDA,46.55388773410625,46.55388773410625,True,[],1.0
2,ABIO-0032,VDNKFNKEYQMAFHETLLLPNLNNTRKDAFIDSLKDDPSQSANLLAEAKKLNDA,51.48129211907619,51.48129211907619,True,[],0.5492802716530588
3,ABIO-0032,VDNKFNKEYQMAFHETLLLPNLNATRKQAFIDSLKDDPSQSANLLAEAKKLNDA,51.79519219837601,51.79519219837601,True,[],0.30170881682725814
4,ABIO-0032,VDNKFNKEYQMAFHETLLLPNLNATRKQAFIDSLKDDPSQSANLLAEAKKLNDA,51.79519219837601,51.79519219837601,True,[],0.16572270086699936
5,ABIO-0032,VDNKFNKEYQMAFHETLLLPNLNATRKQAFIDSLKDDPSQSANLLAEAKKLNDA,51.79519219837601,51.79519219837601,True,[],0.09102821015130401
6,ABIO-0032,VDNKFNKEYQMAFHETLLLPNLNATRKQAFIDSLKDDPSQSANLLAEAKKLNDA,51.79519219837601,51.79519219837601,True,[],0.05
0,ABIO-0112,VDNKFNKEWNRAFNERLKLPNLNDMDVNAFIYSLKDDPSQSANLLAEAKKLNDA,45.930356303250676,45.930356303250676,True,[],1.0
1,ABIO-0112,VDNKFNKEYNRAFLERLFLPNLNDIDANAFIYSLKDDPSQSANLLAEAKKLNDA,53.49167133844336,53.49167133844336,True,[],1.0
2,ABIO-0112,VDNKFNKEYNRAFLERLFLPNLNDIDANAFIYSLKDDPSQSANLLAEAKKLNDA,53.49167133844336,53.49167133844336,True,[],0.5492802716530588
3,ABIO-0112,VDNKFNKEYNRAFLERLFLPNLNDIDANAFIYSLKDDPSQSANLLAEAKKLNDA,53.49167133844336,53.49167133844336,True,[],0.30170881682725814
4,ABIO-0112,VDNKFNKEYNRAFLERLFLPNLNDIDANAFIYSLKDDPSQSANLLAEAKKLNDA,53.49167133844336,53.49167133844336,True,[],0.16572270086699936
5,ABIO-0112,VDNKFNKEYNRAFLERLFLPNLNDIDANAFIYSLKDDPSQSANLLAEAKKLNDA,53.49167133844336,53.49167133844336,True,[],0.09102821015130401
6,ABIO-0112,VDNKFNKEYNRAFLERLFLPNLNDIDANAFIYSLKDDPSQSANLLAEAKKLNDA,53.49167133844336,53.49167133844336,True,[],0.05
0,ABIO-0094,VDNKFNKELDKAVEEWLVLPNLNQNFKNAFIWSLKDDPSQSANLLAEAKKLNDA,45.910231191307695,45.910231191307695,True,[],1.0
1,ABIO-0094,VDNKFNKELLKAVEEWLVLPNLNDNFHNAFIWSLKDDPSQSANLLAEAKKLNDA,53.571153317821434,53.571153317821434,True,[],1.0
2,ABIO-0094,VDNKFNKELLKAVEEWLVLPNLNDNFHNAFIWSLKDDPSQSANLLAEAKKLNDA,53.571153317821434,53.571153317821434,True,[],0.5492802716530588
3,ABIO-0094,VDNKFNKELLKAVEEWLVLPNLNDNFHNAFIWSLKDDPSQSANLLAEAKKLNDA,53.571153317821434,53.571153317821434,True,[],0.30170881682725814
4,ABIO-0094,VDNKFNKELLKAVEEWLVLPNLNDNFHNAFIWSLKDDPSQSANLLAEAKKLNDA,53.571153317821434,53.571153317821434,True,[],0.16572270086699936
5,ABIO-0094,VDNKFNKELLKAVEEWLVLPNLNDNFHNAFIWSLKDDPSQSANLLAEAKKLNDA,53.571153317821434,53.571153317821434,True,[],0.09102821015130401
6,ABIO-0094,VDNKFNKELLKAVEEWLVLPNLNDNFHNAFIWSLKDDPSQSANLLAEAKKLNDA,53.571153317821434,53.571153317821434,True,[],0.05
